bin_label,fail_rate,n
"[0.115,0.147]",0.16666666666666666,6
"[0.159,0.232]",0.4,5
"[0.237,0.352]",0.8,5
"[0.364,0.599]",0.6666666666666666,6
