bin_label,fail_rate,n
"[0.0254,0.0402]",0.16666666666666666,6
"[0.0463,0.0581]",0.4,5
"[0.0643,0.107]",0.8,5
"[0.133,0.286]",0.6666666666666666,6
