relative_attention_mean_relative_weight_bin,fail_rate,n
"(0.655, 1.367]",0.0,4
"(1.367, 2.135]",0.3333333333333333,3
"(2.135, 2.508]",0.6666666666666666,3
"(2.508, 4.33]",0.3333333333333333,3
"(4.33, 6.336]",1.0,3
"(6.336, 18.985]",0.75,4
