relative_attention_focus_share_bin,fail_rate,n
"(0.0842, 0.131]",0.0,4
"(0.131, 0.151]",0.3333333333333333,3
"(0.151, 0.226]",0.3333333333333333,3
"(0.226, 0.343]",0.6666666666666666,3
"(0.343, 0.413]",1.0,3
"(0.413, 0.593]",0.75,4
