outcome,mean,median
FAIL,195.99021,156.89159999999998
PASS,65.54519,19.192349999999998
