outcome,mean,median
FAIL,0.35591,0.35209999999999997
PASS,0.19,0.13755
