outcome,mean,median
FAIL,5.77802,4.61975
PASS,2.6135200000000003,1.9082
